1.532905846834182739e-01,-2.700931578874588013e-02,-2.197418659925460815e-01,-5.205569043755531311e-02,-3.887434005737304688e-01,2.903737425804138184e-01,9.228184819221496582e-02,-7.663090527057647705e-02,-7.905353792011737823e-03,-7.521249353885650635e-02,7.871087640523910522e-02,1.266582161188125610e-01,-3.332255184650421143e-01,7.009822130203247070e-02,1.803276389837265015e-01,-2.888411097228527069e-02,-2.707632780075073242e-01,7.730159908533096313e-02,-2.647038996219635010e-01,-2.195900976657867432e-01,8.942824602127075195e-02,1.255855858325958252e-01,-6.138499081134796143e-02,1.070795804262161255e-01,2.130094617605209351e-01,-3.330414742231369019e-02,-1.751939803361892700e-01,-2.453689426183700562e-01,-8.157230913639068604e-02,-1.097715497016906738e-01,-2.267690934240818024e-02,3.199809044599533081e-02,1.331689804792404175e-01,-5.171030014753341675e-02,-1.132240053266286850e-02,-6.889382749795913696e-02,1.616360247135162354e-01,2.115184068679809570e-02,1.298359334468841553e-01,7.385870069265365601e-02
1.708353012800216675e-01,1.898328512907028198e-01,-2.838636636734008789e-01,3.423148021101951599e-02,-1.268027126789093018e-01,-3.392853960394859314e-02,6.150561198592185974e-02,1.409338861703872681e-01,9.032458811998367310e-02,3.048134595155715942e-02,-7.961440086364746094e-02,-1.320890635251998901e-01,-3.743584156036376953e-01,8.347015082836151123e-02,1.701481193304061890e-01,-3.125224113464355469e-01,-3.315565586090087891e-01,2.211270853877067566e-03,2.102940902113914490e-02,6.376145407557487488e-03,1.742116510868072510e-01,-6.046419218182563782e-02,-1.451332401484251022e-02,4.975514858961105347e-02,4.947247449308633804e-03,-2.391278371214866638e-02,-8.030775003135204315e-03,1.243317350745201111e-01,-1.089184731245040894e-01,9.283128380775451660e-02,-1.938352286815643311e-01,7.323668152093887329e-02,1.153524294495582581e-01,1.440869569778442383e-01,1.751538552343845367e-02,2.405896782875061035e-02,-4.037795588374137878e-02,-4.652506411075592041e-01,2.887426316738128662e-01,1.140298023819923401e-01
-3.833636641502380371e-01,3.193569481372833252e-01,-2.508973143994808197e-02,-5.411629378795623779e-02,1.993058174848556519e-01,9.924625977873802185e-03,1.325639933347702026e-01,-1.183249428868293762e-01,5.887546390295028687e-02,-5.208963155746459961e-02,-6.205624714493751526e-02,-2.536654099822044373e-02,1.500089280307292938e-02,9.915137290954589844e-02,5.251262336969375610e-02,-7.828618586063385010e-02,-5.666859820485115051e-02,6.040225178003311157e-02,2.109703719615936279e-01,-7.395084202289581299e-02,-1.379087120294570923e-01,-1.843744516372680664e-02,1.278798282146453857e-01,3.326176106929779053e-02,5.816759541630744934e-03,-2.923513054847717285e-01,1.417314112186431885e-01,7.072862982749938965e-02,-2.651382796466350555e-02,1.502102613449096680e-01,-2.369630783796310425e-01,-2.830766737461090088e-01,-4.912022035568952560e-03,1.223424822092056274e-01,-4.258982837200164795e-02,-3.331374004483222961e-02,-1.924713142216205597e-03,-1.891880929470062256e-01,-1.333011090755462646e-01,9.902922809123992920e-02
4.495905712246894836e-02,9.378346614539623260e-03,-4.097599983215332031e-01,-1.132366433739662170e-01,-1.960805356502532959e-01,6.087643094360828400e-03,1.471374481916427612e-01,1.294219046831130981e-01,1.166561841964721680e-01,-3.473421791568398476e-03,1.008098125457763672e-01,-8.248277008533477783e-02,3.618693724274635315e-02,-9.403105080127716064e-02,9.352645277976989746e-02,-2.351611107587814331e-01,-1.827377527952194214e-01,-1.699163392186164856e-02,-1.765192896127700806e-01,-1.573027819395065308e-01,1.322091072797775269e-01,-6.170635670423507690e-02,1.946195960044860840e-01,1.438245475292205811e-01,-1.311623752117156982e-01,-1.684069186449050903e-01,-1.789386011660099030e-02,-1.014773994684219360e-01,-2.951095439493656158e-02,2.162961959838867188e-01,-1.893954128026962280e-01,-5.985650233924388885e-03,4.298658668994903564e-02,-3.553372621536254883e-02,2.514641880989074707e-01,-2.332064807415008545e-01,-1.319510787725448608e-01,8.973561972379684448e-02,1.010316163301467896e-01,1.211465224623680115e-01
-3.144157677888870239e-02,1.115471273660659790e-01,-3.326798677444458008e-01,-3.613010421395301819e-02,-7.955277711153030396e-02,-2.323800474405288696e-01,2.429563701152801514e-01,1.189596205949783325e-01,4.802867770195007324e-02,-8.915280550718307495e-02,4.131830856204032898e-02,-2.707904577255249023e-02,4.346267320215702057e-03,-1.589304506778717041e-01,1.026867628097534180e-01,-1.229303702712059021e-01,-3.019467294216156006e-01,9.233889728784561157e-02,-6.458262354135513306e-02,-1.131640747189521790e-01,2.525473833084106445e-01,-3.262555897235870361e-01,1.318238526582717896e-01,-4.297069087624549866e-02,1.267050951719284058e-01,-1.874789893627166748e-01,1.442496925592422485e-01,1.538032144308090210e-01,-7.576657831668853760e-02,1.815956681966781616e-01,-2.568694651126861572e-01,-3.497623205184936523e-01,3.925532102584838867e-02,1.376488357782363892e-01,8.606634102761745453e-03,3.923450596630573273e-03,-2.745754271745681763e-02,-1.199896037578582764e-01,-8.916015923023223877e-02,-1.278481185436248779e-01
1.121145039796829224e-01,7.353896647691726685e-02,-5.314391255378723145e-01,-6.524291634559631348e-02,-3.312229216098785400e-01,-7.177476654760539532e-04,2.127690613269805908e-02,8.066841214895248413e-02,-2.082882449030876160e-02,-1.570367217063903809e-01,2.406894117593765259e-01,-1.545135229825973511e-01,7.828656584024429321e-02,-8.705295622348785400e-02,7.955231517553329468e-02,-2.695432305335998535e-01,-1.672926992177963257e-01,1.065557897090911865e-01,-1.200655177235603333e-01,-2.311259210109710693e-01,4.185913875699043274e-02,-2.660059034824371338e-01,-9.960036724805831909e-02,1.273135542869567871e-01,2.050697356462478638e-01,-1.031856909394264221e-01,1.201450675725936890e-01,-8.501370251178741455e-02,-3.777078166604042053e-02,1.654283106327056885e-01,-2.133793830871582031e-01,-1.091509461402893066e-01,4.651886224746704102e-02,4.239372909069061279e-02,1.046419069170951843e-01,-3.051687218248844147e-02,-5.186978727579116821e-02,1.904599964618682861e-01,-5.218150094151496887e-02,2.330700663151219487e-04
4.844329878687858582e-02,-2.778192162513732910e-01,1.394309103488922119e-01,1.320226490497589111e-01,1.334736496210098267e-01,9.177651256322860718e-02,-4.903646185994148254e-02,9.524502605199813843e-02,3.240683674812316895e-01,-2.520480938255786896e-02,-1.204856783151626587e-01,9.696251899003982544e-02,-1.104253903031349182e-01,-8.924990543164312840e-04,-5.313305258750915527e-01,1.519139260053634644e-01,1.387679278850555420e-01,9.249020367860794067e-02,-2.528666891157627106e-02,7.069106400012969971e-02,1.138372048735618591e-01,6.767190992832183838e-02,-1.505393087863922119e-01,4.894025251269340515e-02,-2.824549376964569092e-01,-3.136240690946578979e-02,2.308958768844604492e-01,-5.208292230963706970e-02,-9.080179035663604736e-02,-1.672630012035369873e-01,1.478463411331176758e-02,6.743428111076354980e-02,7.607533782720565796e-02,-8.543917536735534668e-02,1.541146934032440186e-01,2.186720967292785645e-01,6.564517319202423096e-02,3.971602022647857666e-02,-7.853358238935470581e-02,8.535051345825195312e-02
3.595440834760665894e-02,2.170215845108032227e-01,-1.473281346261501312e-02,2.651228569447994232e-02,-3.724869787693023682e-01,-2.882022857666015625e-01,-3.244245797395706177e-02,-1.309031993150711060e-01,-1.295177936553955078e-01,5.862681567668914795e-02,-1.247853040695190430e-01,2.164950966835021973e-01,-2.252173572778701782e-01,-2.610027790069580078e-01,3.248715996742248535e-01,-1.375672221183776855e-01,-1.550123393535614014e-01,-1.323739439249038696e-01,3.624193742871284485e-02,-1.120213791728019714e-01,2.061150521039962769e-01,4.404950886964797974e-02,3.272017538547515869e-01,-2.830915153026580811e-01,-1.120807379484176636e-01,1.534437760710716248e-02,-1.617844104766845703e-01,3.240281045436859131e-01,-4.241333529353141785e-02,-2.776655182242393494e-02,3.968699835240840912e-03,-3.411633074283599854e-01,-2.581687457859516144e-02,-1.377072632312774658e-01,-3.451026082038879395e-01,-3.901646658778190613e-02,-5.577424913644790649e-02,3.886662423610687256e-03,-1.515657454729080200e-01,-2.454740703105926514e-01
-2.169442623853683472e-01,1.085289940237998962e-01,-1.445650309324264526e-01,-1.471509486436843872e-01,9.681373834609985352e-02,2.725247740745544434e-01,-2.081950753927230835e-02,1.350070089101791382e-01,-1.532652229070663452e-01,-7.233417779207229614e-02,-4.738124087452888489e-03,-3.409578278660774231e-02,1.478933822363615036e-02,-5.175201222300529480e-02,8.730737864971160889e-02,-1.744123846292495728e-01,7.782246172428131104e-02,-1.655673384666442871e-01,-4.383233934640884399e-02,5.004149675369262695e-02,-8.517325669527053833e-02,3.187952637672424316e-01,-4.251763969659805298e-02,1.425398290157318115e-01,-8.726172149181365967e-02,2.450056746602058411e-02,-7.881328463554382324e-02,-1.294295489788055420e-01,-1.087232679128646851e-01,2.857053279876708984e-01,-8.669781684875488281e-02,1.942003816366195679e-01,8.834325708448886871e-03,-8.969454467296600342e-02,-2.125672101974487305e-01,-2.442057728767395020e-01,6.699092686176300049e-03,-3.908526897430419922e-02,1.456735730171203613e-01,7.635508477687835693e-02
2.387306988239288330e-01,1.506228744983673096e-01,-2.323438376188278198e-01,-5.027003120630979538e-03,-5.042530596256256104e-02,-1.684691309928894043e-01,9.189637377858161926e-03,-1.841016858816146851e-01,1.083138361573219299e-01,-6.778066605329513550e-02,5.469585955142974854e-02,-4.708136245608329773e-02,-1.167491450905799866e-01,6.504052132368087769e-02,1.361540257930755615e-01,-1.882154047489166260e-01,-4.265812933444976807e-01,3.150804638862609863e-01,1.089039742946624756e-01,-2.102147936820983887e-01,-3.254972398281097412e-01,-5.125392228364944458e-02,2.295652627944946289e-01,9.208024293184280396e-02,1.467800289392471313e-01,-1.383438892662525177e-02,-3.715343400835990906e-02,7.776565849781036377e-02,-3.240088745951652527e-02,4.689050093293190002e-02,-1.906432360410690308e-01,-1.369387060403823853e-01,4.105287417769432068e-02,9.309012442827224731e-02,1.226286888122558594e-01,7.841745764017105103e-02,-2.698286622762680054e-02,-1.165812760591506958e-01,-1.584034562110900879e-01,7.905407994985580444e-02
-1.578631252050399780e-01,-1.308572292327880859e-01,1.389614790678024292e-01,-5.070806294679641724e-02,1.665562018752098083e-02,-1.011838018894195557e-01,1.390316803008317947e-02,-3.033372014760971069e-02,1.833430528640747070e-01,-1.065838411450386047e-01,1.235526129603385925e-01,1.593388915061950684e-01,1.674413532018661499e-01,-2.628752589225769043e-01,4.380612075328826904e-02,1.425694823265075684e-01,-1.041667759418487549e-01,-5.106674432754516602e-01,-7.950922846794128418e-02,1.737415939569473267e-01,1.320294849574565887e-02,-4.910135641694068909e-02,3.012085556983947754e-01,4.185167700052261353e-02,-6.790893152356147766e-03,-1.649226061999797821e-02,-6.462936755269765854e-03,-2.292567789554595947e-01,-1.184335164725780487e-02,3.675220534205436707e-02,7.277845591306686401e-02,-5.229653418064117432e-02,6.014096736907958984e-02,-2.743066288530826569e-02,1.268212497234344482e-01,-1.508072167634963989e-01,-8.598513156175613403e-02,4.003264307975769043e-01,-1.144306659698486328e-01,-8.524075150489807129e-03
-4.311010986566543579e-02,1.103820875287055969e-01,1.190813556313514709e-01,-2.550942450761795044e-02,-2.721474468708038330e-01,1.994313001632690430e-01,1.964925229549407959e-01,1.582529395818710327e-01,-2.836909890174865723e-01,-3.051785193383693695e-02,-1.130679808557033539e-02,-2.802708148956298828e-01,4.766887426376342773e-02,-3.081671595573425293e-01,1.566283851861953735e-01,1.970334164798259735e-02,1.428230553865432739e-01,1.757485605776309967e-02,-4.377848282456398010e-02,2.002428174018859863e-01,1.955191195011138916e-01,5.192692205309867859e-02,-2.986930906772613525e-01,-1.141226813197135925e-01,2.136502414941787720e-01,-3.598956763744354248e-02,-2.224363237619400024e-01,-2.762941420078277588e-01,-4.151661694049835205e-02,-2.949501574039459229e-01,3.715427219867706299e-02,-1.487473249435424805e-01,8.491574972867965698e-02,4.100733995437622070e-02,3.763353824615478516e-02,-5.883885081857442856e-03,-4.326403439044952393e-01,1.289552897214889526e-01,1.190796867012977600e-02,-5.189670249819755554e-02
7.503417134284973145e-02,-4.817554354667663574e-02,4.039832651615142822e-01,-1.139174923300743103e-01,-1.968316733837127686e-01,-1.375737041234970093e-02,-1.698973923921585083e-01,-1.255206298083066940e-02,1.936687901616096497e-02,-6.141478195786476135e-02,-1.466918736696243286e-01,6.248161196708679199e-02,1.998546868562698364e-01,-2.802041172981262207e-01,1.744207441806793213e-01,-5.147246643900871277e-03,1.423160135746002197e-01,1.610815376043319702e-01,-3.668682649731636047e-02,-1.116367205977439880e-01,-6.661050487309694290e-03,-1.576288603246212006e-02,-6.266723386943340302e-03,-2.619170844554901123e-01,-8.989488333463668823e-02,-8.664089255034923553e-03,1.160323992371559143e-01,1.606479734182357788e-01,-4.310970753431320190e-02,-1.724857985973358154e-01,-3.110157139599323273e-02,-5.016114190220832825e-02,-2.740754559636116028e-02,-1.711802333593368530e-01,-3.620499074459075928e-01,8.913286775350570679e-02,1.098013296723365784e-01,9.857913851737976074e-02,-4.092282652854919434e-01,-2.994922995567321777e-01
-2.658816277980804443e-01,2.606754750013351440e-02,1.355015188455581665e-01,2.753366343677043915e-02,2.268627285957336426e-01,6.704378873109817505e-02,1.348173171281814575e-01,9.002133458852767944e-02,1.478705108165740967e-01,-7.307102531194686890e-02,-1.549245417118072510e-01,-1.038467288017272949e-01,6.769777834415435791e-02,-6.661451887339353561e-03,-1.443147510290145874e-01,-2.123214155435562134e-01,3.149683475494384766e-01,-2.328507006168365479e-01,-1.403509825468063354e-01,2.035478502511978149e-01,-1.723398268222808838e-02,4.395873844623565674e-02,2.555201947689056396e-01,1.670686155557632446e-01,-3.263365626335144043e-01,3.288877382874488831e-02,-1.175965219736099243e-01,-1.575205028057098389e-01,-5.669650156050920486e-03,2.048535943031311035e-01,-7.957914471626281738e-02,1.409598290920257568e-01,3.326068073511123657e-02,-2.001428157091140747e-01,3.211051821708679199e-01,-8.227180689573287964e-02,-4.910643771290779114e-02,2.297713458538055420e-01,-4.512146860361099243e-02,1.170905157923698425e-01
-3.044652342796325684e-01,-1.408818066120147705e-01,5.232082307338714600e-02,1.775132268667221069e-01,4.280776381492614746e-01,2.792028188705444336e-01,1.528257429599761963e-01,2.008567899465560913e-01,1.255367547273635864e-01,-1.865421533584594727e-01,-1.046412214636802673e-01,-2.215043008327484131e-01,-8.847688883543014526e-02,5.556800751946866512e-04,-4.402950406074523926e-01,-3.528021275997161865e-02,9.776840358972549438e-02,-2.132001519203186035e-01,1.714177280664443970e-01,-1.695333980023860931e-02,3.638340234756469727e-01,3.321765065193176270e-01,2.019691169261932373e-01,-1.318094134330749512e-01,-4.173112511634826660e-01,9.018146991729736328e-02,-3.769443929195404053e-01,-1.223559118807315826e-02,-2.982373535633087158e-02,3.108031153678894043e-01,-1.471469551324844360e-01,7.618963718414306641e-02,1.378622800111770630e-01,4.990730434656143188e-02,1.741450726985931396e-01,-1.045475378632545471e-01,-1.709380596876144409e-01,-1.141887232661247253e-01,2.610907554626464844e-01,1.741862744092941284e-01
-6.453870446421205997e-05,-2.303403466939926147e-01,-2.510306239128112793e-01,-7.195600867271423340e-02,-6.846705079078674316e-02,4.692040756344795227e-02,1.738085895776748657e-01,2.386727184057235718e-01,-2.994855046272277832e-01,-2.612435445189476013e-02,9.185454249382019043e-02,2.864027917385101318e-01,-3.704430162906646729e-01,-1.061708927154541016e-01,-2.351076900959014893e-01,-9.767472743988037109e-02,2.209037542343139648e-01,1.771357059478759766e-01,-1.995988935232162476e-01,-1.232424229383468628e-01,3.838899135589599609e-01,1.062099337577819824e-01,-2.920630574226379395e-01,-9.293711930513381958e-02,-3.911657631397247314e-01,5.638613179326057434e-02,-7.357253879308700562e-02,2.718208134174346924e-01,-1.424564570188522339e-01,1.631539314985275269e-01,-1.292129158973693848e-01,4.833464324474334717e-02,1.175892800092697144e-01,-1.279686242341995239e-01,2.271643094718456268e-02,-1.170716285705566406e-01,3.477887436747550964e-02,-6.911439448595046997e-02,3.401008546352386475e-01,1.625862345099449158e-02
-6.595834344625473022e-02,1.530938893556594849e-01,3.393559753894805908e-01,1.178494244813919067e-01,1.644879430532455444e-01,3.805233538150787354e-02,5.827024206519126892e-02,1.040549650788307190e-01,2.843245565891265869e-01,-8.252774924039840698e-02,-4.500673115253448486e-01,-1.098655462265014648e-01,-1.264991760253906250e-01,-6.129146739840507507e-02,-2.769964337348937988e-01,4.089192673563957214e-02,-4.563371092081069946e-02,-2.812372744083404541e-01,-3.965491801500320435e-02,1.176887229084968567e-01,-1.270093172788619995e-01,1.568470895290374756e-01,-2.733610756695270538e-02,1.415370255708694458e-01,-1.888420134782791138e-01,1.729954183101654053e-01,2.148299068212509155e-01,7.827571779489517212e-02,-3.480499237775802612e-02,-2.147910147905349731e-01,-1.275476962327957153e-01,1.615746617317199707e-01,4.253980703651905060e-03,-9.347154945135116577e-02,2.813508808612823486e-01,1.985584646463394165e-01,5.720867589116096497e-02,8.851704001426696777e-02,7.671171426773071289e-02,2.724044024944305420e-01
-6.839115917682647705e-02,5.271555855870246887e-02,-6.223354488611221313e-03,-2.011968055739998817e-03,-4.830509051680564880e-02,-2.369624190032482147e-02,4.657887667417526245e-02,3.444444835186004639e-01,1.484652310609817505e-01,-1.761712133884429932e-02,-1.340169012546539307e-01,-1.867995411157608032e-01,4.346591979265213013e-02,-1.580459177494049072e-01,2.226371765136718750e-01,-1.673376560211181641e-01,-1.948872804641723633e-01,-6.648494005203247070e-01,-1.080856174230575562e-01,2.656620442867279053e-01,2.892575860023498535e-01,-3.010097146034240723e-01,2.852024734020233154e-01,3.513187542557716370e-02,1.083738207817077637e-01,-1.045993939042091370e-01,4.910530894994735718e-02,-1.311862170696258545e-01,-4.700286779552698135e-03,2.748368382453918457e-01,-6.976138800382614136e-02,2.495621703565120697e-02,3.024585172533988953e-02,6.551156938076019287e-02,-5.907081533223390579e-03,-5.299790576100349426e-02,-2.927205562591552734e-01,-1.990526318550109863e-01,2.440302670001983643e-01,4.213668406009674072e-02
1.880705505609512329e-01,2.943861484527587891e-01,-1.509009450674057007e-01,7.672195881605148315e-02,-2.125114500522613525e-01,-1.293607205152511597e-01,-3.474868535995483398e-01,-7.249439507722854614e-02,2.059657871723175049e-01,-3.145244717597961426e-02,-3.797091543674468994e-01,2.039772421121597290e-01,-4.666093587875366211e-01,2.113561779260635376e-01,4.906141385436058044e-02,-2.032305300235748291e-01,-3.333622813224792480e-01,-5.111603140830993652e-01,9.576247632503509521e-02,-1.020733937621116638e-01,2.696414291858673096e-01,-4.596588388085365295e-02,9.884361177682876587e-02,9.724241495132446289e-02,1.912472099065780640e-01,2.174483686685562134e-01,6.288272887468338013e-02,-3.899076953530311584e-02,-6.144467741250991821e-02,1.127392873167991638e-01,-8.937998116016387939e-02,1.263614594936370850e-01,1.392392963171005249e-01,9.567826986312866211e-03,1.654195226728916168e-02,1.281657069921493530e-01,-1.822350546717643738e-02,-3.175489902496337891e-01,2.773801982402801514e-01,1.856503784656524658e-01
3.432940244674682617e-01,-8.185105770826339722e-02,1.479338761419057846e-02,6.886235624551773071e-02,4.071490094065666199e-02,-3.129826188087463379e-01,1.835772693157196045e-01,-7.326382398605346680e-02,-4.023842886090278625e-02,-4.409062489867210388e-02,-2.218386977910995483e-01,-3.860243037343025208e-02,-1.639803349971771240e-01,1.434744335711002350e-02,-3.600635230541229248e-01,1.124083548784255981e-01,1.442724615335464478e-01,9.055057168006896973e-02,-9.283057600259780884e-02,1.465901583433151245e-01,1.489945650100708008e-01,-3.020199574530124664e-02,3.139437362551689148e-02,-2.585779726505279541e-01,-2.782091200351715088e-01,1.717958152294158936e-01,-1.059170737862586975e-01,2.838156521320343018e-01,-7.730625569820404053e-02,1.173742711544036865e-01,-1.275920718908309937e-01,1.727761179208755493e-01,2.232987806200981140e-02,5.787083506584167480e-02,5.117691308259963989e-02,3.079896792769432068e-02,5.808950960636138916e-02,-8.927343785762786865e-02,8.219252526760101318e-02,-2.998732961714267731e-02
8.232077211141586304e-02,1.809362173080444336e-01,3.126451000571250916e-02,-1.092091500759124756e-01,-5.948477983474731445e-01,-1.368255019187927246e-01,-3.642694652080535889e-01,-3.280506003648042679e-03,-1.384005993604660034e-01,-4.235577955842018127e-02,-2.352354675531387329e-02,2.537057101726531982e-01,-3.862272202968597412e-02,-2.334869205951690674e-01,3.844310343265533447e-01,-4.770791530609130859e-02,-1.078166514635086060e-01,2.146325819194316864e-02,2.989474870264530182e-02,-1.769722998142242432e-01,2.529509738087654114e-02,-1.182547807693481445e-01,1.377778947353363037e-01,-1.931074708700180054e-01,4.119998216629028320e-02,-4.947673156857490540e-02,7.996374368667602539e-02,1.249706447124481201e-01,-5.590549856424331665e-02,-1.432940214872360229e-01,5.455835908651351929e-02,-1.611722558736801147e-01,-6.347719579935073853e-03,-1.833553239703178406e-02,-4.643042385578155518e-01,5.301760882139205933e-02,-3.010244853794574738e-02,8.056087046861648560e-02,-2.656646966934204102e-01,-2.424165904521942139e-01
1.797428876161575317e-01,6.134533882141113281e-02,-1.409751623868942261e-01,7.721450924873352051e-02,-2.428362816572189331e-01,-1.097540557384490967e-01,-3.920027241110801697e-02,-4.097801148891448975e-01,2.046230584383010864e-01,-3.907455876469612122e-02,-1.214299052953720093e-01,3.677836954593658447e-01,-4.293254613876342773e-01,1.094845160841941833e-01,9.912721812725067139e-02,5.220023542642593384e-02,-2.577981650829315186e-01,-3.714092075824737549e-02,1.247321488335728645e-04,-2.158298939466476440e-01,3.550932742655277252e-03,7.989351637661457062e-03,2.836031615734100342e-01,4.119313787668943405e-03,1.485541164875030518e-01,-2.140128426253795624e-02,-2.217020690441131592e-01,7.665387541055679321e-02,-5.151207745075225830e-02,1.170099247246980667e-02,-5.746746435761451721e-02,-8.745171129703521729e-03,8.784630149602890015e-02,-1.092054136097431183e-02,5.815304350107908249e-03,-3.596566244959831238e-02,1.564399898052215576e-01,-5.760110914707183838e-02,1.122948005795478821e-01,1.217702999711036682e-01
8.593760430812835693e-02,2.157486677169799805e-01,1.158395409584045410e-01,-8.099173009395599365e-02,4.546287283301353455e-02,-3.383584320545196533e-01,-1.421584933996200562e-01,-1.844912394881248474e-02,-2.745529115200042725e-01,-1.494008768349885941e-02,6.204118207097053528e-02,-2.437725961208343506e-01,1.703490465879440308e-01,-2.565559148788452148e-01,2.867655456066131592e-01,-3.759939968585968018e-01,-8.725432306528091431e-02,-1.264084409922361374e-02,6.615754216909408569e-02,9.711252897977828979e-02,-1.911168098449707031e-01,-2.959135472774505615e-01,1.491373330354690552e-01,-4.351546522229909897e-03,1.678598970174789429e-01,9.991551935672760010e-02,-5.835649371147155762e-02,1.110401079058647156e-01,2.938326820731163025e-02,-3.892501816153526306e-02,2.585560549050569534e-03,9.533260762691497803e-02,-1.646595075726509094e-02,-4.408974200487136841e-03,-1.976856142282485962e-01,3.732504323124885559e-02,-3.566348552703857422e-01,1.186324283480644226e-01,-1.329042166471481323e-01,-2.580112516880035400e-01
-1.137441843748092651e-01,1.934191286563873291e-01,-5.435778200626373291e-02,-4.417774826288223267e-02,-1.756208986043930054e-01,-1.166432723402976990e-01,-2.125691771507263184e-01,2.811055779457092285e-01,-4.537838697433471680e-02,-1.342660002410411835e-02,9.223300963640213013e-02,3.965115174651145935e-03,4.080193489789962769e-02,-1.998111903667449951e-01,4.923574998974800110e-02,3.710895776748657227e-02,2.025952786207199097e-01,-4.311806336045265198e-02,1.325653642416000366e-01,1.507725119590759277e-01,2.774205058813095093e-02,-5.965490266680717468e-02,-2.093251645565032959e-01,8.788514882326126099e-02,-8.343621157109737396e-03,-1.874994784593582153e-01,1.622035950422286987e-01,-4.171960353851318359e-01,-5.550670623779296875e-02,-1.574325859546661377e-01,7.980168610811233521e-02,2.270121872425079346e-02,1.103823781013488770e-01,8.605281263589859009e-02,6.645642966032028198e-02,1.812384426593780518e-01,-1.622002571821212769e-01,-1.915687322616577148e-02,1.397932320833206177e-01,1.230067461729049683e-01
-2.353058196604251862e-02,7.454792410135269165e-02,-4.009881913661956787e-01,-1.667664796113967896e-01,4.228710010647773743e-02,5.151547119021415710e-02,-4.387613013386726379e-02,-1.010331213474273682e-01,-4.738960415124893188e-02,-1.068555042147636414e-01,1.312290728092193604e-01,1.790519654750823975e-01,-1.621715538203716278e-02,-6.959868967533111572e-02,-1.024554595351219177e-01,-6.043982505798339844e-02,-1.328944712877273560e-01,1.345229148864746094e-01,-1.280811131000518799e-01,-3.576275408267974854e-01,8.894363418221473694e-03,3.712564706802368164e-02,-1.351850032806396484e-01,1.468778699636459351e-01,9.578601270914077759e-02,5.831185728311538696e-03,1.293818801641464233e-01,-3.755033388733863831e-02,-7.332357019186019897e-02,1.182757988572120667e-01,-2.602320909500122070e-02,1.007161363959312439e-01,1.734622754156589508e-02,-1.096473634243011475e-01,4.818522371351718903e-03,2.648771926760673523e-02,1.262833625078201294e-01,1.196183711290359497e-01,-1.448175907135009766e-01,-2.393961325287818909e-02
-7.052109390497207642e-02,4.451067745685577393e-02,-6.761366128921508789e-02,-3.435739502310752869e-02,2.429891191422939301e-02,1.407292932271957397e-01,-1.420790404081344604e-01,-2.649859152734279633e-02,2.515216171741485596e-02,-3.742079436779022217e-02,-2.495626918971538544e-02,1.777727156877517700e-02,-1.228362619876861572e-01,2.538980729877948761e-02,7.940872013568878174e-02,-2.104391306638717651e-01,-4.189240280538797379e-03,-3.690116107463836670e-01,-2.530481517314910889e-01,-1.408368945121765137e-01,-1.436290889978408813e-01,2.752745449542999268e-01,1.857615411281585693e-01,-1.772855408489704132e-03,2.313533127307891846e-01,1.853966265916824341e-01,-2.145481258630752563e-01,-8.680428564548492432e-02,-2.217358164489269257e-02,2.843032479286193848e-01,-3.850424289703369141e-02,3.255840539932250977e-01,9.799462556838989258e-02,3.981302306056022644e-02,-2.270715981721878052e-01,-1.811327487230300903e-01,-1.061079502105712891e-01,7.832357659935951233e-03,2.204879075288772583e-01,1.182868704199790955e-01
-2.504047453403472900e-01,2.042876034975051880e-01,3.392450511455535889e-02,-1.213942468166351318e-01,-1.016383338719606400e-02,4.329421743750572205e-02,7.838241010904312134e-02,-2.750387787818908691e-01,-4.392484948039054871e-02,6.298992037773132324e-02,-7.678670436143875122e-02,9.536094218492507935e-02,4.582151398062705994e-02,1.252590417861938477e-01,1.560684293508529663e-01,7.138045877218246460e-02,-9.769280254840850830e-02,5.613697692751884460e-02,9.364405274391174316e-02,-2.770628631114959717e-01,5.121120717376470566e-03,3.460014984011650085e-02,6.672771275043487549e-02,1.111431866884231567e-01,1.300206780433654785e-01,2.879107929766178131e-02,1.965836584568023682e-01,-1.200101226568222046e-01,3.456503152847290039e-03,-1.550944894552230835e-01,-1.625360697507858276e-01,-3.527764379978179932e-01,5.671492591500282288e-02,-2.693929709494113922e-02,-1.154063120484352112e-01,-1.032279878854751587e-01,1.723259687423706055e-01,-2.902271971106529236e-02,-3.273105025291442871e-01,3.744187951087951660e-02
2.201066464185714722e-01,2.563935145735740662e-02,-1.489493846893310547e-01,-1.439386047422885895e-02,-6.882954388856887817e-03,-2.373153418302536011e-01,2.357880324125289917e-01,-1.478854864835739136e-01,-3.558702170848846436e-01,1.983871012926101685e-01,1.449970304965972900e-01,1.752179563045501709e-01,-4.961313605308532715e-01,5.355850607156753540e-02,-8.143236488103866577e-02,4.969486966729164124e-03,8.067447692155838013e-03,3.354636430740356445e-01,6.913930177688598633e-02,-1.254794895648956299e-01,-9.688562154769897461e-02,-3.407500684261322021e-02,3.187338635325431824e-02,1.505285799503326416e-01,-8.235505223274230957e-02,-1.005183458328247070e-01,7.706858217716217041e-02,4.212659969925880432e-02,-3.340730443596839905e-02,-3.972956836223602295e-01,-4.638671129941940308e-02,-3.016023337841033936e-01,8.484234660863876343e-02,-7.799291610717773438e-02,3.168315291404724121e-01,1.224974691867828369e-01,-2.050486579537391663e-02,4.510461166501045227e-02,-4.777333885431289673e-02,7.588343322277069092e-02
-9.758692979812622070e-02,2.673494219779968262e-01,3.428517282009124756e-01,5.643834546208381653e-02,1.158708259463310242e-01,3.795327246189117432e-02,-2.691754698753356934e-01,-7.351125031709671021e-02,9.556338936090469360e-02,-7.217554748058319092e-02,-3.313180804252624512e-01,2.810066752135753632e-02,-1.493031531572341919e-01,-1.608552634716033936e-01,-8.531298488378524780e-02,3.452868387103080750e-02,2.241713404655456543e-01,-2.853343486785888672e-01,1.166507080197334290e-01,2.189458459615707397e-01,6.939356029033660889e-02,8.340020477771759033e-02,-2.089046239852905273e-01,-3.400546312332153320e-01,1.550042182207107544e-01,-2.490763738751411438e-02,1.043106839060783386e-01,-5.706256255507469177e-02,-6.612902879714965820e-02,-1.643287688493728638e-01,1.639927029609680176e-01,5.759223550558090210e-02,8.529323339462280273e-02,1.635148674249649048e-01,-1.272593438625335693e-01,6.778967380523681641e-02,-1.677773147821426392e-01,1.460724472999572754e-01,-4.211977124214172363e-02,-2.421794272959232330e-02
-8.504266291856765747e-02,1.936068534851074219e-01,-1.866038441658020020e-01,-8.466012775897979736e-02,-2.842614352703094482e-01,-1.481703817844390869e-01,2.039174735546112061e-01,1.593011766672134399e-01,-1.863403171300888062e-01,-2.594234421849250793e-02,8.844991028308868408e-02,7.475461810827255249e-02,-2.979418030008673668e-03,-4.723226279020309448e-02,1.399979293346405029e-01,1.185350567102432251e-01,-7.262879051268100739e-03,1.941102296113967896e-01,1.333405226469039917e-01,1.574729084968566895e-01,4.711901769042015076e-02,-1.640568673610687256e-01,1.615830138325691223e-02,-3.819915652275085449e-02,-7.202851772308349609e-02,-3.628710508346557617e-01,8.689918369054794312e-02,1.052676886320114136e-02,-3.190323710441589355e-02,-3.592305257916450500e-02,-1.477969139814376831e-01,-3.716287910938262939e-01,2.724457718431949615e-02,1.130210608243942261e-01,1.202917918562889099e-01,3.234539926052093506e-02,5.158210545778274536e-02,-2.282596528530120850e-01,-1.256844997406005859e-01,2.819206006824970245e-02
9.592387080192565918e-02,2.358532994985580444e-01,-1.220556646585464478e-01,5.572155490517616272e-02,-8.818189799785614014e-02,-2.212150841951370239e-01,-6.904831528663635254e-02,-3.980028331279754639e-01,-3.722698241472244263e-02,-1.687726527452468872e-01,-1.624255478382110596e-01,3.513309955596923828e-01,-3.899099528789520264e-01,5.791622400283813477e-02,-2.169382013380527496e-02,-8.580068498849868774e-02,-8.653365075588226318e-02,-4.820853471755981445e-02,-2.334477603435516357e-01,-1.855801492929458618e-01,-2.035374939441680908e-01,-9.799602627754211426e-02,1.633081585168838501e-01,9.245680272579193115e-02,1.431012600660324097e-01,2.979147434234619141e-01,2.677951380610466003e-02,9.272556006908416748e-02,-9.189786016941070557e-02,1.320696473121643066e-01,-1.488155126571655273e-01,1.479960978031158447e-01,1.014649868011474609e-01,-5.298781394958496094e-02,1.898938268423080444e-01,-6.583447009325027466e-02,5.511815845966339111e-02,5.097912251949310303e-02,6.823556125164031982e-02,1.239491626620292664e-01
-1.858638226985931396e-01,4.743684455752372742e-02,-6.227844953536987305e-02,-1.876022294163703918e-02,2.545167803764343262e-01,-6.646467000246047974e-02,1.488026697188615799e-02,8.925414085388183594e-02,-5.451319217681884766e-01,-3.390810638666152954e-02,-6.203602999448776245e-02,2.405495047569274902e-01,-1.064611822366714478e-01,-3.174604475498199463e-02,-2.973335981369018555e-01,1.283898353576660156e-01,1.554300636053085327e-01,2.793830037117004395e-01,-1.022313907742500305e-01,-1.479601371102035046e-03,-1.571902334690093994e-01,1.844723224639892578e-01,-1.198936775326728821e-01,-3.248080909252166748e-01,-6.346741691231727600e-03,1.846459135413169861e-02,2.696602940559387207e-01,1.375303119421005249e-01,-1.181329712271690369e-01,2.034372836351394653e-01,-7.109206169843673706e-02,-2.029384523630142212e-01,2.818874269723892212e-02,1.648550778627395630e-01,-1.952178180217742920e-01,-5.651425197720527649e-02,1.004012674093246460e-01,-9.994797408580780029e-02,-9.371024370193481445e-02,-2.705655992031097412e-01
-2.235228270292282104e-01,8.952592313289642334e-02,-4.274053871631622314e-01,-1.319773197174072266e-01,-5.660274997353553772e-02,-1.176119223237037659e-01,-1.069919764995574951e-01,-1.211224682629108429e-02,-2.085981816053390503e-01,-1.246461793780326843e-01,1.418509036302566528e-01,2.801730930805206299e-01,1.866346299648284912e-01,-1.000018045306205750e-01,-2.877695485949516296e-02,2.629253566265106201e-01,1.417207419872283936e-01,-8.464961498975753784e-02,-2.629746310412883759e-02,1.661851108074188232e-01,-1.890382319688796997e-01,-2.386354207992553711e-01,1.274241358041763306e-01,-2.183922193944454193e-02,1.832852959632873535e-01,-1.022765506058931351e-02,2.249045968055725098e-01,-5.287842154502868652e-01,-2.748682163655757904e-02,1.639227122068405151e-01,1.930926367640495300e-02,9.794230014085769653e-02,9.879658371210098267e-02,1.488958299160003662e-01,-6.675335019826889038e-02,-2.299000695347785950e-02,9.857244044542312622e-02,3.034423850476741791e-02,-1.722045391798019409e-01,2.180020511150360107e-01
4.648148640990257263e-02,1.495527848601341248e-02,3.005264885723590851e-02,4.861534759402275085e-02,-1.239307299256324768e-01,-1.872494518756866455e-01,-7.884216308593750000e-02,2.161167329177260399e-03,-3.149089962244033813e-02,-8.499371819198131561e-03,-1.208012849092483521e-01,2.510348856449127197e-01,-1.628611832857131958e-01,-2.141007035970687866e-01,-8.505696430802345276e-03,2.819043397903442383e-02,1.693489700555801392e-01,-1.684691458940505981e-01,-1.177134811878204346e-01,1.413055360317230225e-01,1.136271357536315918e-01,3.032203018665313721e-02,-4.105406627058982849e-02,-1.653005480766296387e-01,-9.492794983088970184e-03,8.671814203262329102e-02,-8.394926786422729492e-02,-2.493016235530376434e-02,-4.730847477912902832e-02,-8.838427066802978516e-02,8.970692008733749390e-02,1.588757634162902832e-01,6.663633882999420166e-02,-4.446571320295333862e-02,3.367489576339721680e-02,7.426359504461288452e-02,2.976532327011227608e-03,8.858855813741683960e-02,4.199816845357418060e-03,1.412680838257074356e-02
-6.913509964942932129e-02,4.276379197835922241e-02,3.612160384654998779e-01,-9.919376671314239502e-02,8.100237697362899780e-02,3.967193663120269775e-01,-4.880273342132568359e-02,-2.483486384153366089e-01,-2.469798922538757324e-02,9.797114133834838867e-02,-6.653122603893280029e-02,-3.115855157375335693e-01,1.933716088533401489e-01,7.300293445587158203e-02,7.053004205226898193e-02,9.972214698791503906e-02,3.606968224048614502e-01,2.083695679903030396e-01,1.962207257747650146e-01,-3.100048378109931946e-02,-1.560629904270172119e-01,1.019441038370132446e-01,-2.286574095487594604e-01,-7.734501361846923828e-02,-2.619703412055969238e-01,-1.079604551196098328e-01,2.795028313994407654e-02,-2.296391725540161133e-01,4.086776752956211567e-04,-7.694292813539505005e-02,3.215107694268226624e-02,-1.334654539823532104e-01,-2.685623057186603546e-02,3.497503697872161865e-02,-2.394727766513824463e-01,3.668292984366416931e-02,9.697342664003372192e-02,1.316960752010345459e-01,-4.615758061408996582e-01,-2.098777592182159424e-01
-4.608834162354469299e-02,2.668310701847076416e-01,-4.564179182052612305e-01,-2.018207311630249023e-01,-2.395984977483749390e-01,-1.773626916110515594e-02,8.469917625188827515e-02,1.286475062370300293e-01,-3.246212899684906006e-01,7.875956594944000244e-02,9.368091076612472534e-02,-8.062135428190231323e-02,-2.702419459819793701e-01,-6.842296570539474487e-03,2.102110087871551514e-01,-1.544321775436401367e-01,2.811698056757450104e-02,1.543290764093399048e-01,4.768178239464759827e-02,-1.236628592014312744e-01,2.427845597267150879e-01,-6.116523593664169312e-02,-4.540986195206642151e-02,3.104061260819435120e-02,7.481711357831954956e-02,-2.047660797834396362e-01,9.412638843059539795e-02,6.662693619728088379e-02,-7.408697158098220825e-02,-8.106282353401184082e-02,-1.732620298862457275e-01,-2.667493522167205811e-01,7.044331729412078857e-02,3.606627136468887329e-02,-2.119842320680618286e-01,-8.292315900325775146e-02,-3.164023756980895996e-01,-1.460852771997451782e-01,-8.794174529612064362e-03,-1.976771205663681030e-01
1.306498944759368896e-01,-2.021682448685169220e-02,-5.900570750236511230e-02,-1.219236925244331360e-01,-2.294287681579589844e-01,-2.363419085741043091e-01,1.146190017461776733e-01,6.407096982002258301e-02,-7.997835054993629456e-03,1.129839718341827393e-01,2.955206111073493958e-02,3.241648524999618530e-02,-1.934958994388580322e-01,1.569046229124069214e-01,4.750947654247283936e-01,3.380616009235382080e-02,-4.370223283767700195e-01,-2.226058691740036011e-01,1.615684926509857178e-01,1.423214226961135864e-01,4.241846799850463867e-01,1.734080016613006592e-01,1.232855096459388733e-01,2.504220174159854650e-04,-9.262638539075851440e-02,-3.495560884475708008e-01,3.098349645733833313e-02,-3.034734427928924561e-01,-7.587356865406036377e-02,-4.574284851551055908e-01,-1.667903661727905273e-01,-8.489741012454032898e-03,8.980757743120193481e-02,6.200633570551872253e-02,-9.218923002481460571e-02,-1.012545749545097351e-01,-8.589009940624237061e-02,-1.737768799066543579e-01,1.183240711688995361e-01,8.923322707414627075e-02
-1.214079260826110840e-01,3.686479330062866211e-01,-6.464947015047073364e-02,-1.104036625474691391e-02,2.253601998090744019e-01,-1.849294304847717285e-01,-2.310584336519241333e-01,-1.769427061080932617e-01,1.540163755416870117e-01,-4.663065448403358459e-02,6.219325587153434753e-02,-1.510455012321472168e-01,7.284408062696456909e-02,1.688065379858016968e-01,-2.513853311538696289e-01,-1.658964604139328003e-01,3.873034566640853882e-02,1.172471866011619568e-01,2.001281231641769409e-01,-9.210118092596530914e-03,-3.156843036413192749e-02,-1.763321310281753540e-01,5.249326303601264954e-02,1.023250445723533630e-01,-5.096439644694328308e-02,-1.110858246684074402e-01,1.479730382561683655e-02,4.966820403933525085e-02,-5.968561023473739624e-02,2.023626714944839478e-01,-7.080888003110885620e-02,1.368885487318038940e-01,1.238118484616279602e-01,1.607223898172378540e-01,1.106391102075576782e-01,1.232933998107910156e-01,-4.084555804729461670e-02,6.294584367424249649e-03,-1.486538052558898926e-01,5.408392101526260376e-02
2.899205386638641357e-01,-3.051823377609252930e-01,1.858898848295211792e-01,1.479655802249908447e-01,2.619460821151733398e-01,-1.460263729095458984e-01,1.651678234338760376e-01,-1.056554168462753296e-01,-3.846400231122970581e-02,-2.819180674850940704e-02,2.794791385531425476e-02,-6.601977348327636719e-02,-1.428168118000030518e-01,-2.563473582267761230e-01,-4.921353757381439209e-01,9.221266955137252808e-02,-4.873321205377578735e-02,1.325141936540603638e-01,8.160099387168884277e-03,1.253869384527206421e-01,-2.171170897781848907e-02,4.559191316366195679e-02,-8.470991998910903931e-02,-2.606004178524017334e-01,-1.499697268009185791e-01,2.246423214673995972e-01,-1.303073465824127197e-01,2.487102299928665161e-01,2.858358249068260193e-02,-2.209053933620452881e-01,1.038876324892044067e-01,1.125576421618461609e-01,2.553915977478027344e-02,1.460147183388471603e-02,2.571611404418945312e-01,2.456646785140037537e-02,-2.290600538253784180e-01,2.460045218467712402e-01,-7.520277798175811768e-02,-2.311510592699050903e-02
6.691969186067581177e-02,1.031667962670326233e-01,-3.305875658988952637e-01,-1.239243671298027039e-01,-3.405183851718902588e-01,1.453104466199874878e-01,-1.214635372161865234e-01,3.237524330615997314e-01,1.273957788944244385e-01,-7.436595857143402100e-02,-2.117042458849027753e-04,-6.661790609359741211e-02,-5.668468400835990906e-02,-1.785071641206741333e-01,2.682062089443206787e-01,-3.138326108455657959e-01,1.127067953348159790e-01,1.164154112339019775e-01,-1.071984134614467621e-02,1.951766945421695709e-02,1.598736047744750977e-01,-1.064815372228622437e-01,-1.411807984113693237e-01,1.333560645580291748e-01,-3.760379254817962646e-01,-2.160548269748687744e-01,-1.773105701431632042e-03,-3.062296099960803986e-02,-1.000153049826622009e-01,3.506115451455116272e-02,-6.442043930292129517e-02,9.537314623594284058e-02,-8.981899358332157135e-03,-2.184722572565078735e-01,2.059639431536197662e-02,6.895989179611206055e-02,-1.422023922204971313e-01,-1.704280078411102295e-01,1.786948889493942261e-01,5.597458034753799438e-02
2.912921011447906494e-01,-2.706286907196044922e-01,-3.490447103977203369e-01,3.506619110703468323e-02,1.593630313873291016e-01,1.042387820780277252e-02,1.386144161224365234e-01,2.342153787612915039e-01,-3.150764480233192444e-02,1.953716948628425598e-02,6.732443720102310181e-02,-3.332041949033737183e-02,-2.154021710157394409e-01,1.199624687433242798e-02,-4.283203482627868652e-01,-1.459132134914398193e-01,1.365482360124588013e-01,3.181269168853759766e-01,-9.631397575139999390e-02,-1.960475295782089233e-01,6.612124294042587280e-02,-2.981981076300144196e-02,-2.567634284496307373e-01,9.309298545122146606e-02,-4.242556989192962646e-01,-8.988552540540695190e-02,8.044963330030441284e-02,1.744515448808670044e-01,-8.523916453123092651e-02,2.255223393440246582e-01,-2.203317284584045410e-01,-1.250210567377507687e-03,1.099517419934272766e-01,1.180913764983415604e-03,2.346091121435165405e-01,5.913123488426208496e-02,8.242609351873397827e-02,-1.536189019680023193e-01,9.241629391908645630e-02,-1.226836629211902618e-02
-7.373416423797607422e-02,-3.764140233397483826e-02,1.187297552824020386e-01,-7.433584891259670258e-03,-1.048942655324935913e-01,1.446019858121871948e-01,1.524683535099029541e-01,-3.951623737812042236e-01,-7.980377227067947388e-02,5.034156143665313721e-02,1.553121209144592285e-01,1.336471736431121826e-01,-1.155835166573524475e-01,1.843901425600051880e-01,-1.186781749129295349e-01,1.990648955106735229e-01,-2.155317217111587524e-01,2.152218669652938843e-01,2.451802343130111694e-01,-1.458397954702377319e-01,1.257021874189376831e-01,2.569907605648040771e-01,-1.492661684751510620e-01,-1.435301899909973145e-01,2.887926101684570312e-01,-7.112509757280349731e-02,-1.302394866943359375e-01,-1.373017430305480957e-01,4.396890290081501007e-03,-4.191067516803741455e-01,-2.715060673654079437e-02,-2.909581959247589111e-01,1.380781531333923340e-01,3.477345779538154602e-02,-3.418213129043579102e-02,2.813329920172691345e-02,1.718015074729919434e-01,9.192761778831481934e-02,-3.840016424655914307e-01,4.521122947335243225e-02
1.185126677155494690e-01,-2.903829216957092285e-01,-2.094812691211700439e-01,-2.934887073934078217e-02,1.428660005331039429e-01,2.995614409446716309e-01,2.234055474400520325e-02,1.602116674184799194e-01,2.375770062208175659e-01,-1.464502811431884766e-01,-3.527943044900894165e-02,-1.311381161212921143e-01,1.473820209503173828e-01,-2.105439640581607819e-02,-2.586183547973632812e-01,-9.745731204748153687e-02,-3.505342081189155579e-02,1.044636294245719910e-01,8.227817714214324951e-02,1.027598381042480469e-01,-3.373303711414337158e-01,-3.220494836568832397e-02,1.811531335115432739e-01,1.583717167377471924e-01,-2.201172858476638794e-01,-1.479256600141525269e-01,-1.978950798511505127e-01,-1.071159541606903076e-01,-7.470351457595825195e-02,5.824928283691406250e-01,-5.129120871424674988e-02,4.350939095020294189e-01,2.170817367732524872e-02,-9.778159111738204956e-02,1.259713768959045410e-01,8.874829858541488647e-03,2.402122914791107178e-01,-3.832982778549194336e-01,4.256369918584823608e-02,1.509957164525985718e-01
-2.209106460213661194e-02,-4.783391207456588745e-02,-4.368546232581138611e-02,-1.419085264205932617e-01,-2.628009617328643799e-01,2.479647397994995117e-01,1.110499575734138489e-01,-7.329314947128295898e-02,-4.504008591175079346e-02,1.131162629462778568e-03,1.290265321731567383e-01,-9.540298581123352051e-02,1.217757239937782288e-01,-1.278410851955413818e-02,2.164063453674316406e-01,-1.334639489650726318e-01,-3.624120950698852539e-01,8.882375806570053101e-02,-1.324890255928039551e-01,-2.516996264457702637e-01,5.849145725369453430e-02,-5.065945535898208618e-02,1.473586913198232651e-02,1.456702500581741333e-01,2.034311443567276001e-01,-4.076077416539192200e-02,-5.047392845153808594e-02,-4.716243594884872437e-02,-6.012007966637611389e-02,1.175019517540931702e-01,-1.084291860461235046e-01,-1.150005087256431580e-01,-2.985012345016002655e-02,-7.476580142974853516e-02,-1.669472903013229370e-01,-1.633432656526565552e-01,1.380175650119781494e-01,1.796833425760269165e-01,-1.213665381073951721e-01,-7.492243498563766479e-02
-2.274534404277801514e-01,-2.592219710350036621e-01,1.157667562365531921e-01,5.836514011025428772e-02,7.741487771272659302e-02,-3.220616653561592102e-02,1.145018041133880615e-01,1.129982471466064453e-01,1.377926617860794067e-01,5.325561389327049255e-02,-8.382396772503852844e-03,1.748649477958679199e-01,2.502893470227718353e-02,-1.016090735793113708e-01,-1.957389712333679199e-01,7.517968118190765381e-02,2.659081518650054932e-01,-5.812757462263107300e-02,5.229181796312332153e-02,9.419753402471542358e-02,2.424949109554290771e-01,3.020301088690757751e-02,3.746579587459564209e-02,-1.330316215753555298e-01,-3.249427974224090576e-01,-9.906438738107681274e-02,3.262520954012870789e-02,-3.941277787089347839e-02,-3.861382603645324707e-02,-1.625798046588897705e-01,1.933878636918962002e-03,6.881764531135559082e-02,1.002052277326583862e-01,-1.343342363834381104e-01,1.507384777069091797e-01,3.247254341840744019e-02,-8.836987614631652832e-02,1.089866906404495239e-01,-1.866076141595840454e-02,1.300519425421953201e-02
3.042024374008178711e-02,-3.970748931169509888e-02,-2.930050343275070190e-02,-8.420652709901332855e-03,-1.557366102933883667e-01,1.893422305583953857e-01,7.925056666135787964e-02,1.374772284179925919e-02,-2.287587374448776245e-01,-9.222716093063354492e-02,5.796426907181739807e-03,9.000997245311737061e-02,-1.818291395902633667e-01,1.985863596200942993e-02,-1.550475321710109711e-02,9.085454046726226807e-02,6.952121108770370483e-02,-1.805799603462219238e-01,-1.004112437367439270e-01,1.791552007198333740e-01,1.524370908737182617e-01,1.719293445348739624e-01,-5.769260693341493607e-03,-7.216674089431762695e-02,2.491140216588973999e-01,5.311252176761627197e-02,-4.396314918994903564e-01,-4.214619994163513184e-01,-5.413395538926124573e-02,-2.006778866052627563e-01,9.551677107810974121e-02,1.738982796669006348e-01,1.473427563905715942e-01,8.634740486741065979e-03,5.634568259119987488e-02,-9.792899340391159058e-02,-8.271655440330505371e-02,1.295859664678573608e-01,1.062571480870246887e-01,9.053251147270202637e-02
-6.656243652105331421e-02,-1.280538085848093033e-02,-1.903700828552246094e-02,-1.419088244438171387e-01,1.445135176181793213e-01,3.506782352924346924e-01,-1.915086954832077026e-01,2.401008009910583496e-01,-1.037159413099288940e-01,-2.982796728610992432e-02,-1.036685258150100708e-01,-1.213375329971313477e-01,8.211115375161170959e-03,-7.056955993175506592e-02,-6.147296726703643799e-02,-2.869756817817687988e-01,1.980560272932052612e-01,1.495798081159591675e-01,-1.591963618993759155e-01,4.386560246348381042e-02,-2.915078103542327881e-01,3.172587603330612183e-02,-4.928089976310729980e-01,2.097221314907073975e-01,-7.663021981716156006e-02,2.759232185781002045e-03,1.850269436836242676e-01,-3.410185128450393677e-02,-1.254633814096450806e-01,2.129857540130615234e-01,2.095360681414604187e-02,-3.553967922925949097e-02,-3.966546803712844849e-02,-2.934812940657138824e-02,-2.492304146289825439e-02,7.796163856983184814e-02,3.500961512327194214e-02,8.774291723966598511e-02,9.723050147294998169e-02,-1.872541755437850952e-01
2.497561573982238770e-01,-4.155462086200714111e-01,-3.409798443317413330e-01,-2.310594916343688965e-01,-2.612097561359405518e-01,3.633292019367218018e-01,-1.422403454780578613e-01,4.396064206957817078e-02,-1.779096573591232300e-01,-1.423317044973373413e-01,9.973906725645065308e-02,3.072299957275390625e-01,5.445231497287750244e-02,-4.444184154272079468e-02,-3.005072660744190216e-02,-2.158425562083721161e-02,-7.813823968172073364e-02,1.100204810500144958e-01,-6.012445688247680664e-02,-8.329272270202636719e-02,-2.581680119037628174e-01,4.115639626979827881e-02,-2.733579277992248535e-01,2.536137774586677551e-02,4.862398281693458557e-02,1.745426207780838013e-01,-2.037007212638854980e-01,9.794634580612182617e-02,-1.171163767576217651e-01,3.656657338142395020e-01,8.106955140829086304e-02,4.380349814891815186e-01,9.842531383037567139e-02,-1.280230879783630371e-01,-2.633392512798309326e-01,1.019798312336206436e-02,3.540306985378265381e-01,-9.879752248525619507e-02,7.105173915624618530e-02,1.379992067813873291e-01
1.950853317975997925e-01,-4.949528574943542480e-01,1.283670067787170410e-01,-2.610547654330730438e-02,2.705023884773254395e-01,2.616910934448242188e-01,-1.460357159376144409e-01,-1.291403621435165405e-01,2.119869291782379150e-01,-6.023119017481803894e-02,7.831921428442001343e-02,-1.940198987722396851e-01,9.114726632833480835e-02,1.797149628400802612e-01,-1.235327273607254028e-01,-1.869825571775436401e-01,-3.712010383605957031e-01,-2.411760687828063965e-01,2.304318845272064209e-01,1.376234143972396851e-01,-2.745929360389709473e-01,1.065418422222137451e-01,4.750146344304084778e-02,-6.329517811536788940e-02,1.209436431527137756e-01,-8.109667152166366577e-02,-1.958971619606018066e-01,8.362105488777160645e-02,3.545103128999471664e-03,4.891462624073028564e-01,5.308416113257408142e-02,5.362215042114257812e-01,1.097186431288719177e-01,1.323820054531097412e-01,-1.777131110429763794e-01,-8.122125640511512756e-03,2.085328996181488037e-01,-1.169680655002593994e-01,-1.421392560005187988e-01,-2.774960398674011230e-01
-6.956619769334793091e-02,-1.466364115476608276e-01,1.386376917362213135e-01,-3.520990908145904541e-02,-1.128214001655578613e-01,1.970143318176269531e-01,1.346220225095748901e-01,-1.425740569829940796e-01,3.272778913378715515e-02,-1.011826023459434509e-01,1.337232589721679688e-01,2.715191058814525604e-02,4.083500429987907410e-02,-1.904901862144470215e-01,-1.544351596385240555e-02,1.786878854036331177e-01,-3.104077279567718506e-02,-5.845919623970985413e-02,3.344765398651361465e-03,9.031910449266433716e-03,4.229295998811721802e-02,2.049393504858016968e-01,-7.367829233407974243e-02,-1.501720845699310303e-01,2.263570278882980347e-01,3.952830657362937927e-02,-1.885342597961425781e-01,-3.068172633647918701e-01,-2.714067883789539337e-02,-2.381393611431121826e-01,7.349119335412979126e-02,-1.678523793816566467e-02,1.250337213277816772e-01,1.025767773389816284e-01,-4.565116390585899353e-02,-8.323369920253753662e-02,-6.147748604416847229e-02,2.397073507308959961e-01,-2.407585829496383667e-01,-5.564586725085973740e-03
-1.288204044103622437e-01,1.425906717777252197e-01,1.735890805721282959e-01,-2.228748425841331482e-02,-4.130577668547630310e-02,-1.347443461418151855e-01,-4.323418438434600830e-02,-1.277170628309249878e-01,-4.762422442436218262e-01,6.928857415914535522e-02,-2.739588357508182526e-02,1.326602250337600708e-01,9.494144469499588013e-02,-2.442218363285064697e-01,1.128920912742614746e-01,9.899609535932540894e-02,1.115761473774909973e-01,1.250667124986648560e-01,4.347156733274459839e-02,9.152495861053466797e-02,-1.597549021244049072e-01,1.548720058053731918e-02,6.120204925537109375e-02,-4.303866326808929443e-01,1.266892254352569580e-01,6.528057157993316650e-02,5.029706284403800964e-02,1.842424720525741577e-01,-5.636450275778770447e-02,-3.285789117217063904e-02,1.491964794695377350e-02,-2.953109443187713623e-01,-5.162577703595161438e-02,6.851866841316223145e-02,-3.886297941207885742e-01,-3.490762785077095032e-02,4.312592372298240662e-02,8.318013697862625122e-02,-3.700366914272308350e-01,-3.868764936923980713e-01
-1.674392819404602051e-01,-6.802224367856979370e-02,-5.062346532940864563e-02,-1.420059353113174438e-01,1.323976367712020874e-01,1.668846905231475830e-01,6.943912059068679810e-02,9.213745594024658203e-02,-2.887398898601531982e-01,9.679830633103847504e-03,1.395185440778732300e-01,-1.602564901113510132e-01,7.924376428127288818e-02,-5.404099076986312866e-02,-5.621496960520744324e-02,-1.860362738370895386e-01,-2.776805497705936432e-02,1.158975288271903992e-01,-9.640905261039733887e-02,1.391724348068237305e-01,2.079894840717315674e-01,1.029473841190338135e-01,-4.058333635330200195e-01,3.787214308977127075e-02,1.951658278703689575e-01,-9.742756187915802002e-02,1.942875385284423828e-01,-1.054255366325378418e-01,-6.899669021368026733e-02,-2.002408541738986969e-02,-2.660792320966720581e-02,1.565245911478996277e-02,1.397752314805984497e-01,9.811634570360183716e-02,-1.548980623483657837e-01,-6.645724177360534668e-02,-1.080540493130683899e-01,9.126530028879642487e-03,-1.350894123315811157e-01,-2.634400129318237305e-01
2.747233584523200989e-02,-2.700272798538208008e-01,-9.938964992761611938e-02,9.958663955330848694e-03,-1.220484524965286255e-01,-1.716915667057037354e-01,6.866157054901123047e-02,1.504479646682739258e-01,1.811430454254150391e-01,-8.688761293888092041e-02,1.741450428962707520e-01,2.474667578935623169e-01,-2.124122232198715210e-01,-1.218015998601913452e-01,2.438208460807800293e-02,-2.471899241209030151e-02,-1.165987625718116760e-01,-8.121879398822784424e-02,-3.953529521822929382e-02,2.268913015723228455e-02,1.585342437028884888e-01,-2.009103633463382721e-02,2.561524882912635803e-02,1.394035518169403076e-01,-2.932250201702117920e-01,-3.688978776335716248e-02,-2.646931707859039307e-01,9.841127693653106689e-02,-2.824232354760169983e-02,-1.661485992372035980e-02,4.802028089761734009e-02,1.161492168903350830e-01,6.881079077720642090e-02,-2.473838627338409424e-01,1.611077785491943359e-01,1.238382309675216675e-01,-5.501769483089447021e-02,1.724552959203720093e-01,1.762344837188720703e-01,8.652449399232864380e-02
1.403715610504150391e-01,2.030377686023712158e-01,-4.458357021212577820e-02,5.314383283257484436e-02,-1.582538150250911713e-02,-2.846882343292236328e-01,-2.247384637594223022e-01,1.639270335435867310e-01,1.758467964828014374e-02,1.684226281940937042e-02,4.337197169661521912e-02,-1.502075344324111938e-01,-8.535075932741165161e-02,-1.704812794923782349e-01,9.600575268268585205e-02,-2.640073895454406738e-01,1.045488342642784119e-01,-9.740717709064483643e-02,1.148074939846992493e-01,1.116809621453285217e-01,1.471890658140182495e-01,-2.586589753627777100e-01,-1.995893754065036774e-02,-5.583825986832380295e-03,-7.609565556049346924e-02,-1.216541454195976257e-01,4.781811311841011047e-02,-6.884931027889251709e-02,-3.421257436275482178e-02,-3.227240592241287231e-02,9.314626455307006836e-02,1.745617538690567017e-01,2.624326013028621674e-02,5.951756238937377930e-02,1.638300567865371704e-01,9.372837841510772705e-02,-3.626339435577392578e-01,-4.858411848545074463e-02,1.724433004856109619e-01,4.508047550916671753e-02
1.747384071350097656e-01,7.103226333856582642e-02,1.594928056001663208e-01,-9.208089322783052921e-04,-3.875743225216865540e-02,-3.408181965351104736e-01,-4.003686010837554932e-01,-2.235704064369201660e-01,1.323408484458923340e-01,-6.201769784092903137e-02,2.787139452993869781e-02,1.497991830110549927e-01,3.714130446314811707e-02,-2.258182317018508911e-01,1.450428217649459839e-01,-5.043834075331687927e-02,-1.812044531106948853e-01,-2.890840768814086914e-01,-4.464102908968925476e-02,-1.148556172847747803e-01,-1.641391515731811523e-01,-2.858057850971817970e-03,1.959643065929412842e-01,-1.999723613262176514e-01,1.301722526550292969e-01,8.455073833465576172e-02,-1.228120625019073486e-01,2.093827575445175171e-01,-6.106239184737205505e-02,1.606494933366775513e-01,1.419857740402221680e-01,2.027415484189987183e-01,4.310729354619979858e-02,1.080641895532608032e-02,-1.628100574016571045e-01,2.886231802403926849e-02,1.099415346980094910e-01,2.038765549659729004e-01,-2.554803490638732910e-01,-2.542245388031005859e-01
1.043758690357208252e-01,1.070520505309104919e-01,-9.139211848378181458e-03,-7.504770159721374512e-02,1.108312457799911499e-01,6.846024096012115479e-02,1.203841567039489746e-01,-5.728366598486900330e-02,-3.569840788841247559e-01,2.615333348512649536e-02,-2.641272917389869690e-02,-1.874572336673736572e-01,2.816485054790973663e-02,8.233214914798736572e-02,1.520411074161529541e-01,-1.004444137215614319e-01,-6.792443990707397461e-02,1.978465616703033447e-01,1.599585562944412231e-01,2.261089980602264404e-01,-3.560881912708282471e-01,-2.390979230403900146e-01,-1.270496752113103867e-02,-5.825887992978096008e-02,5.039812251925468445e-02,-9.408421814441680908e-02,-6.733937188982963562e-03,9.145019948482513428e-02,2.415269613265991211e-02,2.647532820701599121e-01,-1.627310514450073242e-01,-1.885098963975906372e-02,-2.056829445064067841e-02,1.892347335815429688e-01,-2.410439252853393555e-01,-7.912579178810119629e-02,-7.823024690151214600e-02,-2.889458537101745605e-01,2.086542546749114990e-01,-4.919074103236198425e-02
1.267066597938537598e-01,1.703632296994328499e-03,2.206577956676483154e-01,-2.707265131175518036e-02,9.414226561784744263e-02,2.289071679115295410e-01,-2.341010607779026031e-02,-7.254293560981750488e-02,-3.017795681953430176e-01,9.450006484985351562e-02,-8.867286145687103271e-02,-2.892757654190063477e-01,4.337610304355621338e-02,1.316966116428375244e-01,-2.979191578924655914e-02,-5.432095006108283997e-02,1.110851764678955078e-01,3.054954111576080322e-01,1.096726879477500916e-01,1.848870068788528442e-01,-2.662340402603149414e-01,-2.999402768909931183e-02,-5.777672529220581055e-01,-1.617753058671951294e-01,1.747779846191406250e-01,-1.525735557079315186e-01,1.254124045372009277e-01,2.146581411361694336e-01,-6.526736915111541748e-02,-4.915994778275489807e-02,-3.505985811352729797e-02,1.282003074884414673e-01,4.247500747442245483e-02,2.131360173225402832e-01,-2.968704402446746826e-01,7.261053472757339478e-02,4.680041596293449402e-02,-2.941582202911376953e-01,-1.382728070020675659e-01,-3.993936777114868164e-01
1.247709169983863831e-01,1.753193512558937073e-02,-2.326923906803131104e-01,5.500805377960205078e-02,-6.702705472707748413e-02,-5.800324492156505585e-03,-4.205906018614768982e-02,7.130116224288940430e-02,-1.353381574153900146e-01,-2.396340966224670410e-01,-1.401379406452178955e-01,1.875974982976913452e-01,-9.382902830839157104e-02,-2.040819525718688965e-01,-1.813320517539978027e-01,7.117942720651626587e-02,1.625269055366516113e-01,-1.589148193597793579e-01,-3.833966851234436035e-01,1.812738329172134399e-01,3.338545188307762146e-02,-1.312285661697387695e-01,-5.570082738995552063e-02,-7.010164111852645874e-02,1.107354611158370972e-01,2.443496733903884888e-01,-1.378866434097290039e-01,-6.680872291326522827e-02,-1.064926609396934509e-01,2.183791399002075195e-01,8.065789192914962769e-02,3.382396101951599121e-01,9.348871558904647827e-02,-4.262575879693031311e-02,-2.433742582798004150e-02,2.749749645590782166e-02,4.500594455748796463e-03,1.595044434070587158e-01,1.836348511278629303e-02,1.319853868335485458e-02
1.558813899755477905e-01,4.499891027808189392e-02,1.308911740779876709e-01,5.179421231150627136e-02,3.393486514687538147e-02,1.351816207170486450e-01,4.173273220658302307e-02,-2.364047057926654816e-02,-7.439374923706054688e-02,1.016886085271835327e-01,-7.909636199474334717e-02,-2.848806381225585938e-01,-3.398235887289047241e-02,-1.109055429697036743e-01,-3.901633992791175842e-02,-2.514505088329315186e-01,1.720954179763793945e-01,2.248635292053222656e-01,2.293826080858707428e-02,-7.010101526975631714e-02,-1.525598019361495972e-01,3.927008062601089478e-02,-3.161576688289642334e-01,1.868386268615722656e-01,-3.664981126785278320e-01,9.744670987129211426e-02,-1.358153522014617920e-01,1.698911935091018677e-01,-3.218777105212211609e-02,-1.901681274175643921e-01,-7.694730162620544434e-02,1.157494634389877319e-01,-4.343583434820175171e-02,-1.145251095294952393e-01,3.196038007736206055e-01,5.523667484521865845e-02,-5.672135576605796814e-02,1.065039783716201782e-01,7.778846472501754761e-02,1.132380887866020203e-01
1.851063803769648075e-03,6.722056865692138672e-02,-1.941972225904464722e-01,7.387192547321319580e-02,1.961944401264190674e-01,-1.028818264603614807e-01,-1.893083900213241577e-01,-6.698046624660491943e-02,1.339089572429656982e-01,3.192606195807456970e-02,-5.861647054553031921e-02,1.075432896614074707e-01,-1.201133653521537781e-01,1.024854704737663269e-01,-6.142440438270568848e-02,-2.008363604545593262e-01,-7.062672823667526245e-02,-6.714697927236557007e-02,3.611159324645996094e-02,-1.034095603972673416e-02,-1.093528196215629578e-01,1.800912432372570038e-02,1.149719506502151489e-01,7.036244869232177734e-02,4.871529713273048401e-02,-6.398625206202268600e-03,1.925463825464248657e-01,3.960660099983215332e-02,-7.282954454421997070e-02,3.042330741882324219e-01,-6.305069476366043091e-02,9.878204017877578735e-02,3.719757869839668274e-02,2.385528013110160828e-02,5.150225758552551270e-02,-4.394807666540145874e-02,1.006384789943695068e-01,-2.951342165470123291e-01,-1.738630607724189758e-02,-1.134276092052459717e-01
4.098686203360557556e-02,-1.129429508000612259e-02,3.626440465450286865e-01,1.884784847497940063e-01,1.068856641650199890e-01,-1.176319047808647156e-01,-3.071066364645957947e-02,-3.128546178340911865e-01,2.303676605224609375e-01,-1.192181259393692017e-01,-4.422691091895103455e-02,-4.604558646678924561e-02,9.309589117765426636e-02,-1.716892719268798828e-01,-2.286732047796249390e-01,1.222538724541664124e-01,-5.244069918990135193e-02,-1.088327169418334961e-01,2.045416645705699921e-02,1.827346384525299072e-01,-1.139380931854248047e-01,-2.657382786273956299e-01,5.269773676991462708e-02,-3.916543126106262207e-01,2.505672872066497803e-01,1.265029758214950562e-01,-1.146636307239532471e-01,1.303918212652206421e-01,-5.498421564698219299e-02,-2.247823635116219521e-03,6.703045964241027832e-02,1.031632646918296814e-01,1.880311779677867889e-02,1.366346776485443115e-01,7.357634603977203369e-02,1.052423417568206787e-01,-4.952900111675262451e-02,3.417562842369079590e-01,-2.723270952701568604e-01,3.085992997512221336e-03
-4.149775803089141846e-01,2.729981206357479095e-02,4.872132837772369385e-02,-5.019621178507804871e-02,-1.193108409643173218e-02,1.822810769081115723e-01,9.897536784410476685e-02,-9.781015664339065552e-02,1.193423196673393250e-01,7.193553261458873749e-03,-1.574453152716159821e-02,1.762956976890563965e-01,1.017344966530799866e-01,-6.581678986549377441e-02,-5.137004330754280090e-02,1.417152434587478638e-01,3.967160359025001526e-02,7.983827963471412659e-03,-7.105563580989837646e-02,-2.562282979488372803e-01,7.385965436697006226e-02,1.671833992004394531e-01,5.274094641208648682e-02,1.441739499568939209e-01,-1.243540868163108826e-01,-6.831102073192596436e-02,1.364326030015945435e-01,-1.456206738948822021e-01,-4.616906121373176575e-02,-3.611889109015464783e-02,-1.512324661016464233e-01,-1.932119876146316528e-01,5.623881146311759949e-02,-1.291590034961700439e-01,1.216744258999824524e-02,-5.868494883179664612e-02,2.111686319112777710e-01,1.254656016826629639e-01,-2.066491395235061646e-01,1.466036885976791382e-01
-2.336833477020263672e-01,1.957446038722991943e-01,3.574503958225250244e-02,5.716691166162490845e-02,-3.370381891727447510e-01,-1.274925470352172852e-01,1.462200582027435303e-01,6.529048830270767212e-02,-1.355637460947036743e-01,7.075165212154388428e-02,-1.961257010698318481e-01,2.560909390449523926e-01,-8.698610961437225342e-02,-1.925633251667022705e-01,6.865105777978897095e-02,2.089359611272811890e-01,4.601855203509330750e-02,-6.545529235154390335e-03,-1.575839892029762268e-02,1.016188561916351318e-01,1.945022344589233398e-01,-2.019147574901580811e-01,1.024971902370452881e-01,-1.180456876754760742e-01,-4.186401143670082092e-02,1.809309795498847961e-02,1.389333158731460571e-01,-5.645652860403060913e-02,-1.257548481225967407e-02,-1.401629298925399780e-01,-6.523992866277694702e-02,-3.669030070304870605e-01,-1.059770211577415466e-02,2.486530318856239319e-02,7.775018364191055298e-02,1.777884922921657562e-02,3.784919902682304382e-02,5.395911633968353271e-03,-8.228429593145847321e-03,1.183286756277084351e-01
2.704893238842487335e-02,-3.921231925487518311e-01,-1.255499124526977539e-01,-1.019602175801992416e-02,-3.820735588669776917e-02,1.549859195947647095e-01,1.933522820472717285e-01,1.003651544451713562e-01,-1.613477319478988647e-01,1.295730657875537872e-02,1.396481096744537354e-01,1.680770367383956909e-01,-8.438411355018615723e-02,-4.267676174640655518e-02,-1.817925274372100830e-01,2.080673873424530029e-01,1.432730205124244094e-04,9.052983671426773071e-02,-1.894024908542633057e-01,1.265709549188613892e-01,1.585760270245373249e-03,4.058568924665451050e-02,-1.460349857807159424e-01,-7.967343926429748535e-02,3.437855467200279236e-02,-6.116143986582756042e-02,1.609382033348083496e-01,-2.240676283836364746e-01,-6.835341453552246094e-02,1.164648160338401794e-01,3.414632228668779135e-04,-9.014136157929897308e-03,1.052127256989479065e-01,1.160080581903457642e-01,1.101354137063026428e-01,-6.273870170116424561e-02,1.403352171182632446e-01,5.453168973326683044e-02,-4.967417940497398376e-02,2.252106741070747375e-02
